{
	"credit": "Made with Blockbench",
	"parent": "minecraft:block/template_fence_gate",
	"textures": {
		"texture": "block/acacia_planks"
	},
	"elements": [
		{
			"from": [0, 0, 7],
			"to": [2, 15, 9],
			"faces": {
				"north": {"uv": [0, 0, 2, 15], "texture": "#texture"},
				"east": {"uv": [0, 0, 2, 15], "texture": "#texture"},
				"south": {"uv": [0, 0, 2, 15], "texture": "#texture"},
				"west": {"uv": [0, 0, 2, 15], "texture": "#texture"},
				"up": {"uv": [0, 0, 2, 2], "texture": "#texture"},
				"down": {"uv": [0, 0, 2, 2], "texture": "#texture"}
			}
		},
		{
			"from": [14, 0, 7],
			"to": [16, 15, 9],
			"faces": {
				"north": {"uv": [0, 0, 2, 15], "texture": "#texture"},
				"east": {"uv": [0, 0, 2, 15], "texture": "#texture"},
				"south": {"uv": [0, 0, 2, 15], "texture": "#texture"},
				"west": {"uv": [0, 0, 2, 15], "texture": "#texture"},
				"up": {"uv": [0, 0, 2, 2], "texture": "#texture"},
				"down": {"uv": [0, 0, 2, 2], "texture": "#texture"}
			}
		},
		{
			"from": [8, 4, 7],
			"to": [14, 6, 9],
			"faces": {
				"north": {"uv": [2, 9, 8, 11], "texture": "#texture"},
				"south": {"uv": [8, 9, 2, 11], "texture": "#texture"},
				"up": {"uv": [2, 9, 8, 11], "texture": "#texture"},
				"down": {"uv": [2, 9, 8, 11], "texture": "#texture"}
			}
		},
		{
			"from": [8, 8, 7],
			"to": [14, 10, 9],
			"faces": {
				"north": {"uv": [2, 5, 8, 7], "texture": "#texture"},
				"south": {"uv": [8, 5, 2, 7], "texture": "#texture"},
				"up": {"uv": [2, 5, 8, 7], "texture": "#texture"},
				"down": {"uv": [2, 5, 8, 7], "texture": "#texture"}
			}
		},
		{
			"from": [8, 12, 7],
			"to": [14, 14, 9],
			"faces": {
				"north": {"uv": [2, 1, 8, 3], "texture": "#texture"},
				"south": {"uv": [8, 1, 2, 3], "texture": "#texture"},
				"up": {"uv": [2, 1, 8, 3], "texture": "#texture"},
				"down": {"uv": [2, 1, 8, 3], "texture": "#texture"}
			}
		},
		{
			"from": [2, 4, 7],
			"to": [8, 6, 9],
			"faces": {
				"north": {"uv": [2, 9, 8, 11], "texture": "#texture"},
				"south": {"uv": [2, 9, 8, 11], "texture": "#texture"},
				"up": {"uv": [2, 9, 8, 11], "texture": "#texture"},
				"down": {"uv": [2, 9, 8, 11], "texture": "#texture"}
			}
		},
		{
			"from": [2, 8, 7],
			"to": [8, 10, 9],
			"faces": {
				"north": {"uv": [2, 5, 8, 7], "texture": "#texture"},
				"south": {"uv": [2, 5, 8, 7], "texture": "#texture"},
				"up": {"uv": [2, 5, 8, 7], "texture": "#texture"},
				"down": {"uv": [2, 5, 8, 7], "texture": "#texture"}
			}
		},
		{
			"from": [2, 12, 7],
			"to": [8, 14, 9],
			"faces": {
				"north": {"uv": [2, 1, 8, 3], "texture": "#texture"},
				"south": {"uv": [2, 1, 8, 3], "texture": "#texture"},
				"up": {"uv": [2, 1, 8, 3], "texture": "#texture"},
				"down": {"uv": [2, 1, 8, 3], "texture": "#texture"}
			}
		},
		{
			"from": [8, 6, 7],
			"to": [9, 8, 9],
			"faces": {
				"north": {"uv": [5, 7, 6, 9], "texture": "#texture"},
				"east": {"uv": [5, 7, 7, 9], "texture": "#texture"},
				"south": {"uv": [5, 7, 6, 9], "texture": "#texture"}
			}
		},
		{
			"from": [7, 6, 7],
			"to": [8, 8, 9],
			"faces": {
				"north": {"uv": [8, 7, 9, 9], "texture": "#texture"},
				"south": {"uv": [8, 7, 9, 9], "texture": "#texture"},
				"west": {"uv": [8, 7, 10, 9], "texture": "#texture"}
			}
		},
		{
			"from": [2, 6, 7],
			"to": [3, 8, 9],
			"faces": {
				"north": {"uv": [10, 11, 11, 13], "texture": "#texture"},
				"east": {"uv": [10, 11, 12, 13], "texture": "#texture"},
				"south": {"uv": [10, 11, 11, 13], "texture": "#texture"}
			}
		},
		{
			"from": [7, 10, 7],
			"to": [8, 12, 9],
			"faces": {
				"north": {"uv": [7, 3, 8, 5], "texture": "#texture"},
				"south": {"uv": [7, 3, 8, 5], "texture": "#texture"},
				"west": {"uv": [7, 3, 9, 5], "texture": "#texture"}
			}
		},
		{
			"from": [8, 10, 7],
			"to": [9, 12, 9],
			"faces": {
				"north": {"uv": [5, 3, 6, 5], "texture": "#texture"},
				"east": {"uv": [5, 3, 7, 5], "texture": "#texture"},
				"south": {"uv": [5, 3, 6, 5], "texture": "#texture"}
			}
		},
		{
			"from": [2, 10, 7],
			"to": [3, 12, 9],
			"faces": {
				"north": {"uv": [13, 11, 14, 13], "texture": "#texture"},
				"east": {"uv": [13, 11, 15, 13], "texture": "#texture"},
				"south": {"uv": [13, 11, 14, 13], "texture": "#texture"}
			}
		},
		{
			"from": [13, 6, 7],
			"to": [14, 8, 9],
			"faces": {
				"north": {"uv": [2, 7, 3, 9], "texture": "#texture"},
				"south": {"uv": [2, 7, 3, 9], "texture": "#texture"},
				"west": {"uv": [2, 7, 4, 9], "texture": "#texture"}
			}
		},
		{
			"from": [13, 10, 7],
			"to": [14, 12, 9],
			"faces": {
				"north": {"uv": [2, 3, 3, 5], "texture": "#texture"},
				"south": {"uv": [2, 3, 3, 5], "texture": "#texture"},
				"west": {"uv": [2, 3, 4, 5], "texture": "#texture"}
			}
		}
	]
}