{
	"credit": "Made with Blockbench",
	"parent": "minecraft:block/template_fence_gate_open",
	"textures": {
		"texture": "block/acacia_planks"
	},
	"elements": [
		{
			"from": [0, 0, 7],
			"to": [2, 15, 9],
			"faces": {
				"north": {"uv": [0, 0, 2, 15], "texture": "#texture"},
				"east": {"uv": [0, 0, 2, 15], "texture": "#texture"},
				"south": {"uv": [0, 0, 2, 15], "texture": "#texture"},
				"west": {"uv": [0, 0, 2, 15], "texture": "#texture"},
				"up": {"uv": [0, 0, 2, 2], "texture": "#texture"},
				"down": {"uv": [0, 0, 2, 2], "texture": "#texture"}
			}
		},
		{
			"from": [14, 0, 7],
			"to": [16, 15, 9],
			"faces": {
				"north": {"uv": [0, 0, 2, 15], "texture": "#texture"},
				"east": {"uv": [0, 0, 2, 15], "texture": "#texture"},
				"south": {"uv": [0, 0, 2, 15], "texture": "#texture"},
				"west": {"uv": [0, 0, 2, 15], "texture": "#texture"},
				"up": {"uv": [0, 0, 2, 2], "texture": "#texture"},
				"down": {"uv": [0, 0, 2, 2], "texture": "#texture"}
			}
		},
		{
			"from": [14, 4, 9],
			"to": [16, 6, 15],
			"rotation": {"angle": 0, "axis": "y", "origin": [11, 9, 10]},
			"faces": {
				"east": {"uv": [8, 9, 2, 11], "texture": "#texture"},
				"south": {"uv": [2, 9, 4, 11], "texture": "#texture"},
				"west": {"uv": [2, 9, 8, 11], "texture": "#texture"},
				"up": {"uv": [2, 9, 8, 11], "rotation": 270, "texture": "#texture"},
				"down": {"uv": [2, 9, 8, 11], "rotation": 90, "texture": "#texture"}
			}
		},
		{
			"from": [14, 8, 9],
			"to": [16, 10, 15],
			"rotation": {"angle": 0, "axis": "y", "origin": [11, 9, 10]},
			"faces": {
				"east": {"uv": [8, 5, 2, 7], "texture": "#texture"},
				"south": {"uv": [2, 5, 4, 7], "texture": "#texture"},
				"west": {"uv": [2, 5, 8, 7], "texture": "#texture"},
				"up": {"uv": [2, 5, 8, 7], "rotation": 270, "texture": "#texture"},
				"down": {"uv": [2, 5, 8, 7], "rotation": 90, "texture": "#texture"}
			}
		},
		{
			"from": [14, 12, 9],
			"to": [16, 14, 15],
			"rotation": {"angle": 0, "axis": "y", "origin": [11, 9, 10]},
			"faces": {
				"east": {"uv": [8, 1, 2, 3], "texture": "#texture"},
				"south": {"uv": [2, 1, 4, 3], "texture": "#texture"},
				"west": {"uv": [2, 1, 8, 3], "texture": "#texture"},
				"up": {"uv": [2, 1, 8, 3], "rotation": 270, "texture": "#texture"},
				"down": {"uv": [2, 1, 8, 3], "rotation": 90, "texture": "#texture"}
			}
		},
		{
			"from": [14, 6, 14],
			"to": [16, 8, 15],
			"rotation": {"angle": 0, "axis": "y", "origin": [11, 9, 10]},
			"faces": {
				"north": {"uv": [5, 7, 7, 9], "texture": "#texture"},
				"east": {"uv": [5, 7, 6, 9], "texture": "#texture"},
				"south": {"uv": [0, 0, 2, 2], "texture": "#texture"},
				"west": {"uv": [5, 7, 6, 9], "texture": "#texture"}
			}
		},
		{
			"from": [14, 10, 14],
			"to": [16, 12, 15],
			"rotation": {"angle": 0, "axis": "y", "origin": [11, 9, 10]},
			"faces": {
				"north": {"uv": [5, 3, 7, 5], "texture": "#texture"},
				"east": {"uv": [5, 3, 6, 5], "texture": "#texture"},
				"south": {"uv": [0, 0, 2, 2], "texture": "#texture"},
				"west": {"uv": [5, 3, 6, 5], "texture": "#texture"}
			}
		},
		{
			"from": [14, 6, 9],
			"to": [16, 8, 10],
			"rotation": {"angle": 0, "axis": "y", "origin": [11, 9, 10]},
			"faces": {
				"east": {"uv": [2, 7, 3, 9], "texture": "#texture"},
				"south": {"uv": [2, 7, 4, 9], "texture": "#texture"},
				"west": {"uv": [2, 7, 3, 9], "texture": "#texture"}
			}
		},
		{
			"from": [14, 10, 9],
			"to": [16, 12, 10],
			"rotation": {"angle": 0, "axis": "y", "origin": [11, 9, 10]},
			"faces": {
				"east": {"uv": [2, 3, 3, 5], "texture": "#texture"},
				"south": {"uv": [2, 3, 4, 5], "texture": "#texture"},
				"west": {"uv": [2, 3, 3, 5], "texture": "#texture"}
			}
		},
		{
			"from": [0, 4, 9],
			"to": [2, 6, 15],
			"rotation": {"angle": 0, "axis": "y", "origin": [11, 9, 10]},
			"faces": {
				"east": {"uv": [8, 9, 2, 11], "texture": "#texture"},
				"south": {"uv": [2, 9, 4, 11], "texture": "#texture"},
				"west": {"uv": [2, 9, 8, 11], "texture": "#texture"},
				"up": {"uv": [2, 9, 8, 11], "rotation": 270, "texture": "#texture"},
				"down": {"uv": [2, 9, 8, 11], "rotation": 90, "texture": "#texture"}
			}
		},
		{
			"from": [0, 8, 9],
			"to": [2, 10, 15],
			"rotation": {"angle": 0, "axis": "y", "origin": [11, 9, 10]},
			"faces": {
				"east": {"uv": [8, 5, 2, 7], "texture": "#texture"},
				"south": {"uv": [2, 5, 4, 7], "texture": "#texture"},
				"west": {"uv": [2, 5, 8, 7], "texture": "#texture"},
				"up": {"uv": [2, 5, 8, 7], "rotation": 270, "texture": "#texture"},
				"down": {"uv": [2, 5, 8, 7], "rotation": 90, "texture": "#texture"}
			}
		},
		{
			"from": [0, 12, 9],
			"to": [2, 14, 15],
			"rotation": {"angle": 0, "axis": "y", "origin": [11, 9, 10]},
			"faces": {
				"east": {"uv": [8, 1, 2, 3], "texture": "#texture"},
				"south": {"uv": [2, 1, 4, 3], "texture": "#texture"},
				"west": {"uv": [2, 1, 8, 3], "texture": "#texture"},
				"up": {"uv": [2, 1, 8, 3], "rotation": 270, "texture": "#texture"},
				"down": {"uv": [2, 1, 8, 3], "rotation": 90, "texture": "#texture"}
			}
		},
		{
			"from": [0, 6, 14],
			"to": [2, 8, 15],
			"rotation": {"angle": 0, "axis": "y", "origin": [11, 9, 10]},
			"faces": {
				"north": {"uv": [5, 7, 7, 9], "texture": "#texture"},
				"east": {"uv": [5, 7, 6, 9], "texture": "#texture"},
				"south": {"uv": [0, 0, 2, 2], "texture": "#texture"},
				"west": {"uv": [5, 7, 6, 9], "texture": "#texture"}
			}
		},
		{
			"from": [0, 10, 14],
			"to": [2, 12, 15],
			"rotation": {"angle": 0, "axis": "y", "origin": [11, 9, 10]},
			"faces": {
				"north": {"uv": [5, 3, 7, 5], "texture": "#texture"},
				"east": {"uv": [5, 3, 6, 5], "texture": "#texture"},
				"south": {"uv": [0, 0, 2, 2], "texture": "#texture"},
				"west": {"uv": [5, 3, 6, 5], "texture": "#texture"}
			}
		},
		{
			"from": [0, 6, 9],
			"to": [2, 8, 10],
			"rotation": {"angle": 0, "axis": "y", "origin": [11, 9, 10]},
			"faces": {
				"east": {"uv": [2, 7, 3, 9], "texture": "#texture"},
				"south": {"uv": [2, 7, 4, 9], "texture": "#texture"},
				"west": {"uv": [2, 7, 3, 9], "texture": "#texture"}
			}
		},
		{
			"from": [0, 10, 9],
			"to": [2, 12, 10],
			"rotation": {"angle": 0, "axis": "y", "origin": [11, 9, 10]},
			"faces": {
				"east": {"uv": [2, 3, 3, 5], "texture": "#texture"},
				"south": {"uv": [2, 3, 4, 5], "texture": "#texture"},
				"west": {"uv": [2, 3, 3, 5], "texture": "#texture"}
			}
		}
	]
}